"to";"toward, or up until";"""He is going to the store,"" ""The party is from 6 to 8."";";[sound:videos_bsl_signstation_to.mp4];"https://media.signbsl.com/videos/bsl/signstation/to.mp4";"<i>to</i> <span style=""color:#666; font-size:80%;"">- University of Bristol &amp; Deaf Studies Trust</span>";"https://www.signbsl.com/sign/to";"5";"Signature_Level_1_Award GCSE_vocabulary GCSE_vocabulary GCSE_vocabulary GCSE_vocabulary GCSE_vocabulary GCSE_vocabulary GCSE_vocabulary"
"my";"pronoun used to refer to a thing or things belonging to or associated with the speaker";"""you go your way and I'll go mine"";";[sound:videos_bsl_signstation_mine.mp4];"https://media.signbsl.com/videos/bsl/signstation/mine.mp4";"<i>mine</i> <span style=""color:#666; font-size:80%;"">- University of Bristol &amp; Deaf Studies Trust</span>";"https://www.signbsl.com/sign/my";"6";"Signature_Level_1_Award"
"more";"used to form the comparative of some adjectives and adverbs";"""more interesting""; ""more beautiful""; ""more quickly"";";[sound:videos_bsl_signstation_more.mp4];"https://media.signbsl.com/videos/bsl/signstation/more.mp4";"<i>more</i> <span style=""color:#666; font-size:80%;"">- University of Bristol &amp; Deaf Studies Trust</span>";"https://www.signbsl.com/sign/more";"4";"Signature_Level_1_Award GCSE_vocabulary"
"new";"not of long duration; having just (or relatively recently) come into being or been made or acquired or discovered";"""a new law""; ""new cars""; ""a new comet""; ""a new friend""; ""a new year""; ""the New World"";";[sound:videos_bsl_signstation_new.mp4];"https://media.signbsl.com/videos/bsl/signstation/new.mp4";"<i>new</i> <span style=""color:#666; font-size:80%;"">- University of Bristol &amp; Deaf Studies Trust</span>";"https://www.signbsl.com/sign/new";"5";"Signature_Level_1_Award GCSE_vocabulary GCSE_vocabulary GCSE_vocabulary GCSE_vocabulary GCSE_vocabulary"
"even";"used as an intensive especially to indicate something unexpected";"""even an idiot knows that""; ""declined even to consider the idea""; ""I don't have even a dollar!"";";[sound:videos_bsl_signstation_even.mp4];"https://media.signbsl.com/videos/bsl/signstation/even.mp4";"<i>even</i> <span style=""color:#666; font-size:80%;"">- University of Bristol &amp; Deaf Studies Trust</span>";"https://www.signbsl.com/sign/even";"5";"Signature_Level_1_Award GCSE_vocabulary GCSE_vocabulary GCSE_vocabulary GCSE_vocabulary GCSE_vocabulary GCSE_vocabulary GCSE_vocabulary"
"even";"make level or straight";"""level the ground"";";[sound:videos_bsl_signstation_levels.mp4];"https://media.signbsl.com/videos/bsl/signstation/levels.mp4";"<i>level</i> <span style=""color:#666; font-size:80%;"">- University of Bristol &amp; Deaf Studies Trust</span>";"https://www.signbsl.com/sign/even";"5";"Signature_Level_1_Award GCSE_vocabulary GCSE_vocabulary GCSE_vocabulary GCSE_vocabulary GCSE_vocabulary GCSE_vocabulary GCSE_vocabulary"
"last";"coming after all others in time or space or degree or being the only one remaining";"""the last time I saw Paris""; ""the last day of the month""; ""had the last word""; ""waited until the last minute""; ""he raised his voice in a last supreme call""; ""the last game;";[sound:videos_bsl_signstation_last.mp4];"https://media.signbsl.com/videos/bsl/signstation/last.mp4";"<i>last</i> <span style=""color:#666; font-size:80%;"">- University of Bristol &amp; Deaf Studies Trust</span>";"https://www.signbsl.com/sign/last";"7";"Signature_Level_1_Award GCSE_vocabulary GCSE_vocabulary GCSE_vocabulary GCSE_vocabulary GCSE_vocabulary GCSE_vocabulary GCSE_vocabulary"
"last";"continue to live; endure or last";"""We went without water and food for 3 days""; ""These superstitions survive in the backwaters of America""; ""The racecar driver lived through several very serious accidents"";";[sound:videos_wolver_mp4_sci_surviv_6298.mp4];"https://media.signbsl.com/videos/wolver/mp4/sci_surviv_6298.mp4";"<i>survive</i> <span style=""color:#666; font-size:80%;"">- University of Wolverhampton</span>";"https://www.signbsl.com/sign/last";"7";"Signature_Level_1_Award GCSE_vocabulary GCSE_vocabulary GCSE_vocabulary GCSE_vocabulary GCSE_vocabulary GCSE_vocabulary GCSE_vocabulary"
"last";"occurring at or forming an end or termination";"""his concluding words came as a surprise""; ""the final chapter""; ""the last days of the dinosaurs""; ""terminal leave"";";[sound:videos_bsl_signstation_final.mp4];"https://media.signbsl.com/videos/bsl/signstation/final.mp4";"<i>final</i> <span style=""color:#666; font-size:80%;"">- University of Bristol &amp; Deaf Studies Trust</span>";"https://www.signbsl.com/sign/last";"7";"Signature_Level_1_Award GCSE_vocabulary GCSE_vocabulary GCSE_vocabulary GCSE_vocabulary GCSE_vocabulary GCSE_vocabulary GCSE_vocabulary"
"last";"in accord with the most fashionable ideas or style";"""wears only the latest style""; ""the last thing in swimwear""; ""knows the newest dances""; ""cutting-edge technology""; ""a with-it boutique"";";[sound:videos_bsl_signstation_latest.mp4];"https://media.signbsl.com/videos/bsl/signstation/latest.mp4";"<i>latest</i> <span style=""color:#666; font-size:80%;"">- University of Bristol &amp; Deaf Studies Trust</span>";"https://www.signbsl.com/sign/last";"7";"Signature_Level_1_Award GCSE_vocabulary GCSE_vocabulary GCSE_vocabulary GCSE_vocabulary GCSE_vocabulary GCSE_vocabulary GCSE_vocabulary"
"big";"above average in size or number or quantity or magnitude or extent";"""a large city""; ""set out for the big city""; ""a large sum""; ""a big (or large) barn""; ""a large family""; ""big businesses""; ""a big expenditure""; ""a large number of newspapers""; ""a big group o;";[sound:videos_bsl_signstation_big.mp4];"https://media.signbsl.com/videos/bsl/signstation/big.mp4";"<i>big</i> <span style=""color:#666; font-size:80%;"">- University of Bristol &amp; Deaf Studies Trust</span>";"https://www.signbsl.com/sign/big";"6";"Signature_Level_1_Award GCSE_vocabulary GCSE_vocabulary GCSE_vocabulary GCSE_vocabulary GCSE_vocabulary GCSE_vocabulary GCSE_vocabulary Signature_Level_1_Award GCSE_vocabulary GCSE_vocabulary GCSE_vocabulary Signature_Level_1_Award GCSE_vocabulary"
"city";"a large and densely populated urban area; may include several independent administrative districts";"""Ancient Troy was a great city"";";[sound:videos_bsl_signstation_city.mp4];"https://media.signbsl.com/videos/bsl/signstation/city.mp4";"<i>city</i> <span style=""color:#666; font-size:80%;"">- University of Bristol &amp; Deaf Studies Trust</span>";"https://www.signbsl.com/sign/city";"2";"Signature_Level_1_Award GCSE_vocabulary GCSE_vocabulary GCSE_vocabulary GCSE_vocabulary GCSE_vocabulary GCSE_vocabulary"
"different";"unlike in nature or quality or form or degree";"""took different approaches to the problem""; ""came to a different conclusion""; ""different parts of the country""; ""on different sides of the issue""; ""this meeting was different from the earlier one"";";[sound:videos_bsl_signstation_different.mp4];"https://media.signbsl.com/videos/bsl/signstation/different.mp4";"<i>different</i> <span style=""color:#666; font-size:80%;"">- University of Bristol &amp; Deaf Studies Trust</span>";"https://www.signbsl.com/sign/different";"5";"Signature_Level_1_Award GCSE_vocabulary GCSE_vocabulary GCSE_vocabulary GCSE_vocabulary"
"small";"limited or below average in number or quantity or magnitude or extent";"""a little dining room""; ""a little house""; ""a small car""; ""a little (or small) group""; ""a small voice"";";[sound:videos_bsl_signstation_small.mp4];"https://media.signbsl.com/videos/bsl/signstation/small.mp4";"<i>small</i> <span style=""color:#666; font-size:80%;"">- University of Bristol &amp; Deaf Studies Trust</span>";"https://www.signbsl.com/sign/small";"8";"Signature_Level_1_Award GCSE_vocabulary GCSE_vocabulary GCSE_vocabulary GCSE_vocabulary GCSE_vocabulary GCSE_vocabulary GCSE_vocabulary Signature_Level_1_Award GCSE_vocabulary GCSE_vocabulary GCSE_vocabulary Signature_Level_1_Award"
"maybe";"by chance";"""perhaps she will call tomorrow""; ""we may possibly run into them at the concert""; ""it may peradventure be thought that there never was such a time"";";[sound:videos_bsl_signstation_perhaps.mp4];"https://media.signbsl.com/videos/bsl/signstation/perhaps.mp4";"<i>perhaps</i> <span style=""color:#666; font-size:80%;"">- University of Bristol &amp; Deaf Studies Trust</span>";"https://www.signbsl.com/sign/maybe";"3";"Signature_Level_1_Award GCSE_vocabulary GCSE_vocabulary GCSE_vocabulary GCSE_vocabulary GCSE_vocabulary"
"university";"the body of faculty and students at a university";"";[sound:videos_bsl_signstation_university.mp4];"https://media.signbsl.com/videos/bsl/signstation/university.mp4";"<i>university</i> <span style=""color:#666; font-size:80%;"">- University of Bristol &amp; Deaf Studies Trust</span>";"https://www.signbsl.com/sign/university";"3";"Signature_Level_1_Award"
"door";"a swinging or sliding barrier that will close the entrance to a room or building or vehicle";"""he knocked on the door""; ""he slammed the door as he left"";";[sound:videos_bsl_signstation_door.mp4];"https://media.signbsl.com/videos/bsl/signstation/door.mp4";"<i>door</i> <span style=""color:#666; font-size:80%;"">- University of Bristol &amp; Deaf Studies Trust</span>";"https://www.signbsl.com/sign/door";"6";"Signature_Level_1_Award GCSE_vocabulary GCSE_vocabulary GCSE_vocabulary GCSE_vocabulary GCSE_vocabulary GCSE_vocabulary GCSE_vocabulary Signature_Level_1_Award"
"sense";"a general conscious awareness";"""a sense of security""; ""a sense of happiness""; ""a sense of danger""; ""a sense of self"";";[sound:videos_bsl_signstation_sense.mp4];"https://media.signbsl.com/videos/bsl/signstation/sense.mp4";"<i>sense</i> <span style=""color:#666; font-size:80%;"">- University of Bristol &amp; Deaf Studies Trust</span>";"https://www.signbsl.com/sign/sense";"2";"Signature_Level_1_Award GCSE_vocabulary GCSE_vocabulary GCSE_vocabulary GCSE_vocabulary GCSE_vocabulary GCSE_vocabulary GCSE_vocabulary Signature_Level_1_Award GCSE_vocabulary GCSE_vocabulary"
"sense";"sound practical judgment";"""I can't see the sense in doing it now""; ""he hasn't got the sense God gave little green apples""; ""fortunately she had the good sense to run away"";";[sound:videos_bsl_signon_mp4_new28.mp4];"https://media.signbsl.com/videos/bsl/signon/mp4/new28.mp4";"<i>common sense</i>";"https://www.signbsl.com/sign/sense";"2";"Signature_Level_1_Award GCSE_vocabulary GCSE_vocabulary GCSE_vocabulary GCSE_vocabulary GCSE_vocabulary GCSE_vocabulary GCSE_vocabulary Signature_Level_1_Award GCSE_vocabulary GCSE_vocabulary"
"finally";"as the end result of a succession or process";"""ultimately he had to give in""; ""at long last the winter was over"";";[sound:videos_bsl_signstation_finally.mp4];"https://media.signbsl.com/videos/bsl/signstation/finally.mp4";"<i>finally</i> <span style=""color:#666; font-size:80%;"">- University of Bristol &amp; Deaf Studies Trust</span>";"https://www.signbsl.com/sign/finally";"5";"Signature_Level_1_Award GCSE_vocabulary GCSE_vocabulary GCSE_vocabulary GCSE_vocabulary GCSE_vocabulary GCSE_vocabulary GCSE_vocabulary"
"finally";"after a long period of time or an especially long delay";"""at length they arrived"";";[sound:videos_bsl_signstation_eventually.mp4];"https://media.signbsl.com/videos/bsl/signstation/eventually.mp4";"<i>eventually</i> <span style=""color:#666; font-size:80%;"">- University of Bristol &amp; Deaf Studies Trust</span>";"https://www.signbsl.com/sign/finally";"5";"Signature_Level_1_Award GCSE_vocabulary GCSE_vocabulary GCSE_vocabulary GCSE_vocabulary GCSE_vocabulary GCSE_vocabulary GCSE_vocabulary"
"rule";"measuring stick consisting of a strip of wood or metal or plastic with a straight edge that is used for drawing straight lines and measuring lengths";"";[sound:videos_bsl_signstation_rule.mp4];"https://media.signbsl.com/videos/bsl/signstation/rule.mp4";"<i>rule</i> <span style=""color:#666; font-size:80%;"">- University of Bristol &amp; Deaf Studies Trust</span>";"https://www.signbsl.com/sign/rules";"11";"Signature_Level_1_Award GCSE_vocabulary GCSE_vocabulary GCSE_vocabulary GCSE_vocabulary GCSE_vocabulary GCSE_vocabulary GCSE_vocabulary Signature_Level_1_Award GCSE_vocabulary GCSE_vocabulary"
"rule";"a basic generalization that is accepted as true and that can be used as a basis for reasoning or conduct";"""their principles of composition characterized all their works"";";[sound:videos_bsl_signstation_principle.mp4];"https://media.signbsl.com/videos/bsl/signstation/principle.mp4";"<i>principle</i> <span style=""color:#666; font-size:80%;"">- University of Bristol &amp; Deaf Studies Trust</span>";"https://www.signbsl.com/sign/rules";"11";"Signature_Level_1_Award GCSE_vocabulary GCSE_vocabulary GCSE_vocabulary GCSE_vocabulary GCSE_vocabulary GCSE_vocabulary GCSE_vocabulary Signature_Level_1_Award GCSE_vocabulary GCSE_vocabulary"
"rule";"something regarded as a normative example";"""the convention of not naming the main character""; ""violence is the rule not the exception""; ""his formula for impressing visitors"";";[sound:videos_wolver_mp4_eng_conven_8337.mp4];"https://media.signbsl.com/videos/wolver/mp4/eng_conven_8337.mp4";"<i>convention</i> <span style=""color:#666; font-size:80%;"">- University of Wolverhampton</span>";"https://www.signbsl.com/sign/rules";"11";"Signature_Level_1_Award GCSE_vocabulary GCSE_vocabulary GCSE_vocabulary GCSE_vocabulary GCSE_vocabulary GCSE_vocabulary GCSE_vocabulary Signature_Level_1_Award GCSE_vocabulary GCSE_vocabulary"
"nearly";"";"";[sound:videos_bsl_signstation_about.mp4];"https://media.signbsl.com/videos/bsl/signstation/about.mp4";"<i>about</i> <span style=""color:#666; font-size:80%;"">- University of Bristol &amp; Deaf Studies Trust</span>";"https://www.signbsl.com/sign/nearly";"12";"Signature_Level_1_Award GCSE_vocabulary GCSE_vocabulary GCSE_vocabulary GCSE_vocabulary GCSE_vocabulary GCSE_vocabulary GCSE_vocabulary"
"compare";"examine and note the similarities or differences of";"""John compared his haircut to his friend's""; ""We compared notes after we had both seen the movie"";";[sound:videos_bsl_signstation_compare.mp4];"https://media.signbsl.com/videos/bsl/signstation/compare.mp4";"<i>compare</i> <span style=""color:#666; font-size:80%;"">- University of Bristol &amp; Deaf Studies Trust</span>";"https://www.signbsl.com/sign/compare";"4";"Signature_Level_1_Award GCSE_vocabulary GCSE_vocabulary GCSE_vocabulary GCSE_vocabulary GCSE_vocabulary GCSE_vocabulary GCSE_vocabulary Signature_Level_1_Award"
"finish";"have an end, in a temporal, spatial, or quantitative sense; either spatial or metaphorical";"""the bronchioles terminate in a capillary bed""; ""Your rights stop where you infringe upon the rights of other""; ""My property ends by the bushes""; ""The symphony end;";[sound:videos_bsl_signstation_end.mp4];"https://media.signbsl.com/videos/bsl/signstation/end.mp4";"<i>end</i> <span style=""color:#666; font-size:80%;"">- University of Bristol &amp; Deaf Studies Trust</span>";"https://www.signbsl.com/sign/finish";"17";"Signature_Level_1_Award GCSE_vocabulary GCSE_vocabulary GCSE_vocabulary GCSE_vocabulary GCSE_vocabulary GCSE_vocabulary GCSE_vocabulary Signature_Level_1_Award GCSE_vocabulary"
"finish";"a decorative texture or appearance of a surface (or the substance that gives it that appearance)";"""the boat had a metallic finish""; ""he applied a coat of a clear finish""; ""when the finish is too thin it is difficult to apply evenly"";";[sound:videos_wolver_mp4_art_finish_4295.mp4];"https://media.signbsl.com/videos/wolver/mp4/art_finish_4295.mp4";"<i>finish</i> <span style=""color:#666; font-size:80%;"">- University of Wolverhampton</span>";"https://www.signbsl.com/sign/finish";"17";"Signature_Level_1_Award GCSE_vocabulary GCSE_vocabulary GCSE_vocabulary GCSE_vocabulary GCSE_vocabulary GCSE_vocabulary GCSE_vocabulary Signature_Level_1_Award GCSE_vocabulary"
"finish";"come or bring to a finish or an end; others finished in over 4 hours""";"""He finished the dishes""; ""She completed the requirements for her Master's Degree""; ""The fastest runner finished the race in just over 2 hours;";[sound:videos_bsl_signstation_complete.mp4];"https://media.signbsl.com/videos/bsl/signstation/complete.mp4";"<i>complete</i> <span style=""color:#666; font-size:80%;"">- University of Bristol &amp; Deaf Studies Trust</span>";"https://www.signbsl.com/sign/finish";"17";"Signature_Level_1_Award GCSE_vocabulary GCSE_vocabulary GCSE_vocabulary GCSE_vocabulary GCSE_vocabulary GCSE_vocabulary GCSE_vocabulary Signature_Level_1_Award GCSE_vocabulary"
"middle";"an area that is approximately central within some larger region";"""it is in the center of town""; ""they ran forward into the heart of the struggle""; ""they were in the eye of the storm"";";[sound:videos_bsl_signstation_heart.mp4];"https://media.signbsl.com/videos/bsl/signstation/heart.mp4";"<i>heart</i> <span style=""color:#666; font-size:80%;"">- University of Bristol &amp; Deaf Studies Trust</span>";"https://www.signbsl.com/sign/middle";"6";"Signature_Level_1_Award"
"normal";"conforming with or constituting a norm or standard or level or type or social norm; not abnormal";"""serve wine at normal room temperature""; ""normal diplomatic relations""; ""normal working hours""; ""normal word order""; ""normal curiosity""; ""the normal course o;";[sound:videos_bsl_signstation_normal.mp4];"https://media.signbsl.com/videos/bsl/signstation/normal.mp4";"<i>normal</i> <span style=""color:#666; font-size:80%;"">- University of Bristol &amp; Deaf Studies Trust</span>";"https://www.signbsl.com/sign/normal";"5";"Signature_Level_1_Award GCSE_vocabulary GCSE_vocabulary GCSE_vocabulary GCSE_vocabulary GCSE_vocabulary GCSE_vocabulary GCSE_vocabulary"
"normal";"something regarded as a normative example";"""the convention of not naming the main character""; ""violence is the rule not the exception""; ""his formula for impressing visitors"";";[sound:videos_wolver_mp4_eng_conven_8337.mp4];"https://media.signbsl.com/videos/wolver/mp4/eng_conven_8337.mp4";"<i>convention</i> <span style=""color:#666; font-size:80%;"">- University of Wolverhampton</span>";"https://www.signbsl.com/sign/normal";"5";"Signature_Level_1_Award GCSE_vocabulary GCSE_vocabulary GCSE_vocabulary GCSE_vocabulary GCSE_vocabulary GCSE_vocabulary GCSE_vocabulary"
"thousand";"denoting a quantity consisting of 1,000 items or units";"";[sound:videos_bsl_signstation_thousand.mp4];"https://media.signbsl.com/videos/bsl/signstation/thousand.mp4";"<i>thousand</i> <span style=""color:#666; font-size:80%;"">- University of Bristol &amp; Deaf Studies Trust</span>";"https://www.signbsl.com/sign/thousand";"3";"Signature_Level_1_Award GCSE_vocabulary GCSE_vocabulary GCSE_vocabulary GCSE_vocabulary GCSE_vocabulary GCSE_vocabulary GCSE_vocabulary Signature_Level_1_Award"
"amazing";"inspiring awe or admiration or wonder";"""New York is an amazing city""; ""the Grand Canyon is an awe-inspiring sight""; ""the awesome complexity of the universe""; ""this sea, whose gently awful stirrings seem to speak of some hidden soul beneath""- Melville; ""We;";[sound:videos_bsl_signstation_amazing.mp4];"https://media.signbsl.com/videos/bsl/signstation/amazing.mp4";"<i>amazing</i> <span style=""color:#666; font-size:80%;"">- University of Bristol &amp; Deaf Studies Trust</span>";"https://www.signbsl.com/sign/amazing";"1";"Signature_Level_1_Award GCSE_vocabulary GCSE_vocabulary GCSE_vocabulary GCSE_vocabulary GCSE_vocabulary GCSE_vocabulary GCSE_vocabulary Signature_Level_1_Award GCSE_vocabulary GCSE_vocabulary GCSE_vocabulary Signature_Level_1_Award GCSE_vocabulary GCSE_vocabulary GCSE_vocabulary GCSE_vocabulary"
"principle";"a basic generalization that is accepted as true and that can be used as a basis for reasoning or conduct";"""their principles of composition characterized all their works"";";[sound:videos_bsl_signstation_principle.mp4];"https://media.signbsl.com/videos/bsl/signstation/principle.mp4";"<i>principle</i> <span style=""color:#666; font-size:80%;"">- University of Bristol &amp; Deaf Studies Trust</span>";"https://www.signbsl.com/sign/principles";"4";"Signature_Level_1_Award GCSE_vocabulary GCSE_vocabulary GCSE_vocabulary GCSE_vocabulary GCSE_vocabulary GCSE_vocabulary GCSE_vocabulary Signature_Level_1_Award GCSE_vocabulary GCSE_vocabulary"
"football";"any of various games played with a ball (round or oval) in which two teams try to kick or carry or propel the ball into each other's goal";"";[sound:videos_bsl_signstation_football.mp4];"https://media.signbsl.com/videos/bsl/signstation/football.mp4";"<i>football</i> <span style=""color:#666; font-size:80%;"">- University of Bristol &amp; Deaf Studies Trust</span>";"https://www.signbsl.com/sign/football";"9";"Signature_Level_1_Award GCSE_vocabulary GCSE_vocabulary GCSE_vocabulary GCSE_vocabulary GCSE_vocabulary GCSE_vocabulary GCSE_vocabulary Signature_Level_1_Award GCSE_vocabulary GCSE_vocabulary GCSE_vocabulary Signature_Level_1_Award GCSE_vocabulary GCSE_vocabulary"
"lots";"a large number or amount";"""made lots of new friends""; ""she amassed a mountain of newspapers"";";[sound:videos_bsl_signstation_lots.mp4];"https://media.signbsl.com/videos/bsl/signstation/lots.mp4";"<i>lots</i> <span style=""color:#666; font-size:80%;"">- University of Bristol &amp; Deaf Studies Trust</span>";"https://www.signbsl.com/sign/lots";"6";"Signature_Level_1_Award GCSE_vocabulary GCSE_vocabulary GCSE_vocabulary GCSE_vocabulary GCSE_vocabulary GCSE_vocabulary"
"cat";"feline mammal usually having thick soft fur and being unable to roar; domestic cats; wildcats";"";[sound:videos_bsl_signstation_cat.mp4];"https://media.signbsl.com/videos/bsl/signstation/cat.mp4";"<i>cat</i> <span style=""color:#666; font-size:80%;"">- University of Bristol &amp; Deaf Studies Trust</span>";"https://www.signbsl.com/sign/cat";"9";"Signature_Level_1_Award GCSE_vocabulary GCSE_vocabulary GCSE_vocabulary GCSE_vocabulary GCSE_vocabulary GCSE_vocabulary GCSE_vocabulary Signature_Level_1_Award GCSE_vocabulary GCSE_vocabulary GCSE_vocabulary Signature_Level_1_Award GCSE_vocabulary GCSE_vocabulary GCSE_vocabulary GCSE_vocabulary"
"bathroom";"a room equipped with toilet facilities";"";[sound:videos_bsl_signstation_bathroom.mp4];"https://media.signbsl.com/videos/bsl/signstation/bathroom.mp4";"<i>bathroom</i> <span style=""color:#666; font-size:80%;"">- University of Bristol &amp; Deaf Studies Trust</span>";"https://www.signbsl.com/sign/bathroom";"7";"Signature_Level_1_Award GCSE_vocabulary GCSE_vocabulary GCSE_vocabulary GCSE_vocabulary GCSE_vocabulary GCSE_vocabulary GCSE_vocabulary Signature_Level_1_Award GCSE_vocabulary GCSE_vocabulary GCSE_vocabulary Signature_Level_1_Award GCSE_vocabulary"
"bathroom";"a room (as in a residence) containing a bath or shower and usually a washbasin and toilet";"";[sound:videos_bsl_deafway_mp4_bath.mp4];"https://media.signbsl.com/videos/bsl/deafway/mp4/bath.mp4";"<i>bath</i> <span style=""color:#666; font-size:80%;"">- Deafway <a href=""https://deafway.org.uk/"" rel=""nofollow"" target=""_blank"">More details</a></span>";"https://www.signbsl.com/sign/bathroom";"7";"Signature_Level_1_Award GCSE_vocabulary GCSE_vocabulary GCSE_vocabulary GCSE_vocabulary GCSE_vocabulary GCSE_vocabulary GCSE_vocabulary Signature_Level_1_Award GCSE_vocabulary GCSE_vocabulary GCSE_vocabulary Signature_Level_1_Award GCSE_vocabulary"
"odd";"beyond or deviating from the usual or expected";"""a curious hybrid accent""; ""her speech has a funny twang""; ""they have some funny ideas about war""; ""had an odd name""; ""the peculiar aromatic odor of cloves""; ""something definitely queer about this town""; ""wh;";[sound:videos_bsl_signstation_odd.mp4];"https://media.signbsl.com/videos/bsl/signstation/odd.mp4";"<i>odd</i> <span style=""color:#666; font-size:80%;"">- University of Bristol &amp; Deaf Studies Trust</span>";"https://www.signbsl.com/sign/odd";"3";"Signature_Level_1_Award GCSE_vocabulary GCSE_vocabulary GCSE_vocabulary GCSE_vocabulary GCSE_vocabulary GCSE_vocabulary GCSE_vocabulary"
"odd";"not divisible by two";"";[sound:videos_ssc_odd_cit_3_right.mp4];"https://media.signbsl.com/videos/ssc/odd_cit_3_right.mp4";"<i>odd</i> <span style=""color:#666; font-size:80%;"">- Scottish Sensory Centre <a href=""http://www.ssc.education.ed.ac.uk/bsl/"" rel=""nofollow"" target=""_blank"">More details</a></span>";"https://www.signbsl.com/sign/odd";"3";"Signature_Level_1_Award GCSE_vocabulary GCSE_vocabulary GCSE_vocabulary GCSE_vocabulary GCSE_vocabulary GCSE_vocabulary GCSE_vocabulary"
"tail";"the posterior part of the body of a vertebrate especially when elongated and extending beyond the trunk or main part of the body";"";[sound:videos_bsl_signstation_tail.mp4];"https://media.signbsl.com/videos/bsl/signstation/tail.mp4";"<i>tail</i> <span style=""color:#666; font-size:80%;"">- University of Bristol &amp; Deaf Studies Trust</span>";"https://www.signbsl.com/sign/tail";"4";"Signature_Level_1_Award GCSE_vocabulary GCSE_vocabulary GCSE_vocabulary GCSE_vocabulary GCSE_vocabulary GCSE_vocabulary GCSE_vocabulary Signature_Level_1_Award GCSE_vocabulary GCSE_vocabulary GCSE_vocabulary Signature_Level_1_Award GCSE_vocabulary GCSE_vocabulary GCSE_vocabulary GCSE_vocabulary"
"tail";"go after with the intent to catch";"""The policeman chased the mugger down the alley""; ""the dog chased the rabbit"";";[sound:videos_bsl_signstation_track.mp4];"https://media.signbsl.com/videos/bsl/signstation/track.mp4";"<i>track</i> <span style=""color:#666; font-size:80%;"">- University of Bristol &amp; Deaf Studies Trust</span>";"https://www.signbsl.com/sign/tail";"4";"Signature_Level_1_Award GCSE_vocabulary GCSE_vocabulary GCSE_vocabulary GCSE_vocabulary GCSE_vocabulary GCSE_vocabulary GCSE_vocabulary Signature_Level_1_Award GCSE_vocabulary GCSE_vocabulary GCSE_vocabulary Signature_Level_1_Award GCSE_vocabulary GCSE_vocabulary GCSE_vocabulary GCSE_vocabulary"
"snake";"limbless scaly elongate reptile; some are venomous";"";[sound:videos_bsl_signstation_snake.mp4];"https://media.signbsl.com/videos/bsl/signstation/snake.mp4";"<i>snake</i> <span style=""color:#666; font-size:80%;"">- University of Bristol &amp; Deaf Studies Trust</span>";"https://www.signbsl.com/sign/snake";"5";"Signature_Level_1_Award GCSE_vocabulary GCSE_vocabulary GCSE_vocabulary GCSE_vocabulary GCSE_vocabulary GCSE_vocabulary GCSE_vocabulary Signature_Level_1_Award GCSE_vocabulary GCSE_vocabulary GCSE_vocabulary Signature_Level_1_Award GCSE_vocabulary GCSE_vocabulary GCSE_vocabulary"
"towel";"a rectangular piece of absorbent cloth (or paper) for drying or wiping";"";[sound:videos_bsl_signstation_towel.mp4];"https://media.signbsl.com/videos/bsl/signstation/towel.mp4";"<i>towel</i> <span style=""color:#666; font-size:80%;"">- University of Bristol &amp; Deaf Studies Trust</span>";"https://www.signbsl.com/sign/towel";"4";"Signature_Level_1_Award GCSE_vocabulary GCSE_vocabulary GCSE_vocabulary GCSE_vocabulary GCSE_vocabulary GCSE_vocabulary GCSE_vocabulary Signature_Level_1_Award GCSE_vocabulary GCSE_vocabulary GCSE_vocabulary Signature_Level_1_Award GCSE_vocabulary"
"lazy";"moving slowly and gently";"""up a lazy river""; ""lazy white clouds""; ""at a lazy pace"";";[sound:videos_bsl_signstation_lazy.mp4];"https://media.signbsl.com/videos/bsl/signstation/lazy.mp4";"<i>lazy</i> <span style=""color:#666; font-size:80%;"">- University of Bristol &amp; Deaf Studies Trust</span>";"https://www.signbsl.com/sign/lazy";"2";"Signature_Level_1_Award GCSE_vocabulary GCSE_vocabulary GCSE_vocabulary GCSE_vocabulary GCSE_vocabulary GCSE_vocabulary GCSE_vocabulary"
"crafty";"marked by skill in deception";"""cunning men often pass for wise""; ""deep political machinations""; ""a foxy scheme""; ""a slick evasive answer""; ""sly as a fox""; ""tricky Dik""; ""a wily old attorney"";";[sound:videos_bsl_signstation_crafty.mp4];"https://media.signbsl.com/videos/bsl/signstation/crafty.mp4";"<i>crafty</i> <span style=""color:#666; font-size:80%;"">- University of Bristol &amp; Deaf Studies Trust</span>";"https://www.signbsl.com/sign/crafty";"1";""
"Manchester";"largest city in New Hampshire; located in southeastern New Hampshire on the Merrimack river";"";[sound:videos_bsl_signstation_Manchester.mp4];"https://media.signbsl.com/videos/bsl/signstation/Manchester.mp4";"<i>Manchester</i> <span style=""color:#666; font-size:80%;"">- University of Bristol &amp; Deaf Studies Trust</span>";"https://www.signbsl.com/sign/manchester";"2";"Signature_Level_1_Award GCSE_vocabulary GCSE_vocabulary"
"WiFi";"a local area network that uses high frequency radio signals to transmit and receive data over distances of a few hundred feet; uses ethernet protocol";"";[sound:videos_ict_mp4_1000_wifi.mp4];"https://media.signbsl.com/videos/ict/mp4/1000_wifi.mp4";"<i>wifi</i> <span style=""color:#666; font-size:80%;"">- QIA Dictionary of ICT</span>";"https://www.signbsl.com/sign/wifi";"2";"Signature_Level_1_Award GCSE_vocabulary GCSE_vocabulary GCSE_vocabulary"
"Aberdeen";"a city in northeastern Scotland on the North Sea";"";[sound:videos_bsl_signstation_Aberdeen.mp4];"https://media.signbsl.com/videos/bsl/signstation/Aberdeen.mp4";"<i>Aberdeen</i> <span style=""color:#666; font-size:80%;"">- University of Bristol &amp; Deaf Studies Trust</span>";"https://www.signbsl.com/sign/aberdeen";"2";"Signature_Level_1_Award GCSE_vocabulary GCSE_vocabulary GCSE_vocabulary GCSE_vocabulary"
"Perth";"the state capital of Western Australia";"";[sound:videos_bsl_uploads_mp4_f32531fb682d90a4fa5ee4909fa84b92.mp4];"https://media.signbsl.com/videos/bsl/uploads/mp4/f32531fb682d90a4fa5ee4909fa84b92.mp4";"<i>Perth</i> <span style=""color:#666; font-size:80%;"">- Deaf START</span>";"https://www.signbsl.com/sign/perth";"1";"Signature_Level_1_Award GCSE_vocabulary GCSE_vocabulary GCSE_vocabulary GCSE_vocabulary"
"older";"advanced in years; (`aged' is pronounced as two syllables)";"""aged members of the society""; ""elderly residents could remember the construction of the first skyscraper""; ""senior citizen"";";[sound:videos_bsl_signstation_elderly.mp4];"https://media.signbsl.com/videos/bsl/signstation/elderly.mp4";"<i>elderly</i> <span style=""color:#666; font-size:80%;"">- University of Bristol &amp; Deaf Studies Trust</span>";"https://www.signbsl.com/sign/older";"3";"Signature_Level_1_Award GCSE_vocabulary GCSE_vocabulary GCSE_vocabulary GCSE_vocabulary GCSE_vocabulary"
"younger";"used of the younger of two persons of the same name especially used to distinguish a son from his father";"""John Junior""; ""John Smith, Jr."";";[sound:videos_bsl_signmonkey_mp4_younger.mp4];"https://media.signbsl.com/videos/bsl/signmonkey/mp4/younger.mp4";"<i>younger</i> <span style=""color:#666; font-size:80%;"">- Karl O'Keeffe <a href=""https://www.signmonkey.net/"" rel=""nofollow"" target=""_blank"">More details</a></span>";"https://www.signbsl.com/sign/younger";"1";"Signature_Level_1_Award GCSE_vocabulary GCSE_vocabulary GCSE_vocabulary GCSE_vocabulary GCSE_vocabulary"
"Oxford";"a city in southern England northwest of London; site of Oxford University";"";[sound:videos_bsl_signstation_Oxford.mp4];"https://media.signbsl.com/videos/bsl/signstation/Oxford.mp4";"<i>Oxford</i> <span style=""color:#666; font-size:80%;"">- University of Bristol &amp; Deaf Studies Trust</span>";"https://www.signbsl.com/sign/oxford";"2";"Signature_Level_1_Award GCSE_vocabulary GCSE_vocabulary GCSE_vocabulary GCSE_vocabulary GCSE_vocabulary"
"half-hour";"a half of an hour";"";[sound:videos_bsl_signstation_half-hour.mp4];"https://media.signbsl.com/videos/bsl/signstation/half-hour.mp4";"<i>half-hour</i> <span style=""color:#666; font-size:80%;"">- University of Bristol &amp; Deaf Studies Trust</span>";"https://www.signbsl.com/sign/half-hour";"2";"Signature_Level_1_Award GCSE_vocabulary GCSE_vocabulary GCSE_vocabulary GCSE_vocabulary GCSE_vocabulary GCSE_vocabulary GCSE_vocabulary"
"quarter-to";"";"";[sound:videos_bsl_signstation_quarter-to.mp4];"https://media.signbsl.com/videos/bsl/signstation/quarter-to.mp4";"<i>quarter-to</i> <span style=""color:#666; font-size:80%;"">- University of Bristol &amp; Deaf Studies Trust</span>";"https://www.signbsl.com/sign/quarter-to";"4";"Signature_Level_1_Award GCSE_vocabulary GCSE_vocabulary GCSE_vocabulary GCSE_vocabulary GCSE_vocabulary GCSE_vocabulary GCSE_vocabulary"
"how-long";"";"";[sound:videos_bsl_signstation_how-long.mp4];"https://media.signbsl.com/videos/bsl/signstation/how-long.mp4";"<i>how-long</i> <span style=""color:#666; font-size:80%;"">- University of Bristol &amp; Deaf Studies Trust</span>";"https://www.signbsl.com/sign/how-long";"3";"Signature_Level_1_Award GCSE_vocabulary GCSE_vocabulary GCSE_vocabulary GCSE_vocabulary GCSE_vocabulary GCSE_vocabulary GCSE_vocabulary"
"classifier";"a person who creates classifications";"";[sound:videos_bsl_gpnhs_mp4_classifier.mp4];"https://media.signbsl.com/videos/bsl/gpnhs/mp4/classifier.mp4";"<i>classifier</i>";"https://www.signbsl.com/sign/classifiers";"1";"Signature_Level_1_Award GCSE_vocabulary GCSE_vocabulary GCSE_vocabulary GCSE_vocabulary GCSE_vocabulary GCSE_vocabulary GCSE_vocabulary Signature_Level_1_Award GCSE_vocabulary"
"India";"a republic in the Asian subcontinent in southern Asia; second most populous country in the world; achieved independence from the United Kingdom in 1947";"";[sound:videos_bsl_signstation_India.mp4];"https://media.signbsl.com/videos/bsl/signstation/India.mp4";"<i>India</i> <span style=""color:#666; font-size:80%;"">- University of Bristol &amp; Deaf Studies Trust</span>";"https://www.signbsl.com/sign/india";"4";"Signature_Level_1_Award GCSE_vocabulary GCSE_vocabulary GCSE_vocabulary GCSE_vocabulary GCSE_vocabulary GCSE_vocabulary GCSE_vocabulary Signature_Level_1_Award GCSE_vocabulary GCSE_vocabulary"
"for example";"as an example";"""take ribbon snakes, for example"";";[sound:videos_bsl_signstation_for-example.mp4];"https://media.signbsl.com/videos/bsl/signstation/for-example.mp4";"<i>for-example</i> <span style=""color:#666; font-size:80%;"">- University of Bristol &amp; Deaf Studies Trust</span>";"https://www.signbsl.com/sign/for-example";"3";"Signature_Level_1_Award GCSE_vocabulary GCSE_vocabulary GCSE_vocabulary GCSE_vocabulary GCSE_vocabulary GCSE_vocabulary GCSE_vocabulary Signature_Level_1_Award GCSE_vocabulary GCSE_vocabulary"
"heater";"device that heats water or supplies warmth to a room";"";[sound:videos_bsl_signstation_heater.mp4];"https://media.signbsl.com/videos/bsl/signstation/heater.mp4";"<i>heater</i> <span style=""color:#666; font-size:80%;"">- University of Bristol &amp; Deaf Studies Trust</span>";"https://www.signbsl.com/sign/heater";"2";"Signature_Level_1_Award GCSE_vocabulary GCSE_vocabulary GCSE_vocabulary GCSE_vocabulary GCSE_vocabulary GCSE_vocabulary GCSE_vocabulary Signature_Level_1_Award GCSE_vocabulary GCSE_vocabulary GCSE_vocabulary Signature_Level_1_Award GCSE_vocabulary"
"classifier";"a person who creates classifications";"";[sound:videos_bsl_gpnhs_mp4_classifier.mp4];"https://media.signbsl.com/videos/bsl/gpnhs/mp4/classifier.mp4";"<i>classifier</i>";"https://www.signbsl.com/sign/classifier";"1";"Signature_Level_1_Award GCSE_vocabulary GCSE_vocabulary GCSE_vocabulary GCSE_vocabulary GCSE_vocabulary GCSE_vocabulary GCSE_vocabulary Signature_Level_1_Award GCSE_vocabulary GCSE_vocabulary GCSE_vocabulary Signature_Level_1_Award GCSE_vocabulary GCSE_vocabulary"
"CAT";"a method of examining body organs by scanning them with X rays and using a computer to construct a series of cross-sectional scans along a single axis";"";[sound:videos_bsl_youtube_mp4_FuLou4_wS7Y.mp4];"https://media.signbsl.com/videos/bsl/youtube/mp4/FuLou4_wS7Y.mp4";"<i>CT head scan</i> <span style=""color:#666; font-size:80%;"">- Sam Simon</span>";"https://www.signbsl.com/sign/cat";"9";"Signature_Level_1_Award GCSE_vocabulary GCSE_vocabulary GCSE_vocabulary GCSE_vocabulary GCSE_vocabulary GCSE_vocabulary GCSE_vocabulary Signature_Level_1_Award GCSE_vocabulary GCSE_vocabulary GCSE_vocabulary Signature_Level_1_Award GCSE_vocabulary GCSE_vocabulary GCSE_vocabulary GCSE_vocabulary"
"Belgium";"a monarchy in northwestern Europe; headquarters for the European Union and for the North Atlantic Treaty Organization";"";[sound:videos_bsl_signstation_Belgium.mp4];"https://media.signbsl.com/videos/bsl/signstation/Belgium.mp4";"<i>Belgium</i> <span style=""color:#666; font-size:80%;"">- University of Bristol &amp; Deaf Studies Trust</span>";"https://www.signbsl.com/sign/belgium";"5";"Signature_Level_1_Award GCSE_vocabulary GCSE_vocabulary GCSE_vocabulary GCSE_vocabulary GCSE_vocabulary GCSE_vocabulary GCSE_vocabulary Signature_Level_1_Award GCSE_vocabulary GCSE_vocabulary GCSE_vocabulary Signature_Level_1_Award GCSE_vocabulary GCSE_vocabulary GCSE_vocabulary GCSE_vocabulary"
